Website,Packets,Bytes,Packets A → B,Bytes A → B,Packets B → A,Bytes B → A,Duration,Bits/s A → B,Bits/s B → A
github.csv,1,712,1,712,0,0,16.763719000000002,339,0
github.csv,1,718,1,718,0,0,10.784664,532,0
github.csv,1,889,1,889,0,0,4.927568999999998,1443,0
github.csv,1,712,1,712,0,0,13.479684,422,0
github.csv,1,718,1,718,0,0,12.706806999999998,452,0
github.csv,1,712,1,712,0,0,15.902385999999993,358,0
github.csv,1,718,1,718,0,0,15.093498999999994,380,0
github.csv,1,712,1,712,0,0,13.034244,437,0
github.csv,1,718,1,718,0,0,12.256094999999988,468,0
github.csv,1,712,1,712,0,0,13.554620999999996,420,0
github.csv,1,718,1,718,0,0,12.845026000000018,447,0
github.csv,1,712,1,712,0,0,19.338978999999995,294,0
github.csv,1,718,1,718,0,0,7.294511999999997,787,0
github.csv,1,889,1,889,0,0,0.6164320000000032,11537,0
github.csv,1,889,1,889,0,0,10.257296999999994,693,0
github.csv,1,712,1,712,0,0,1.1507719999999892,4949,0
github.csv,1,712,1,712,0,0,26.873635000000007,211,0
github.csv,1,718,1,718,0,0,1.348986999999994,4258,0
github.csv,1,889,1,889,0,0,2.864512999999988,2482,0
github.csv,1,889,1,889,0,0,18.578779,382,0
github.csv,1,712,1,712,0,0,24.652612000000005,231,0
github.csv,1,718,1,718,0,0,23.789401999999995,241,0
github.csv,1,712,1,712,0,0,37.52038600000003,151,0
github.csv,1,718,1,718,0,0,2.9012839999999755,1979,0
github.csv,1,889,1,889,0,0,33.65187199999997,211,0
github.csv,1,712,1,712,0,0,26.09040899999997,218,0
github.csv,1,718,1,718,0,0,25.333514999999977,226,0
github.csv,1,712,1,712,0,0,36.00512599999996,158,0
github.csv,1,718,1,718,0,0,28.44335099999995,201,0
github.csv,1,889,1,889,0,0,6.678014999999959,1064,0
github.csv,1,712,1,712,0,0,9.822361,579,0
github.csv,1,718,1,718,0,0,9.112008000000005,630,0
github.csv,1,712,1,712,0,0,35.732087999999976,159,0
github.csv,1,718,1,718,0,0,34.96976799999999,164,0
github.csv,1,712,1,712,0,0,29.56603700000005,192,0
github.csv,1,718,1,718,0,0,28.83526500000005,199,0
github.csv,1,712,1,712,0,0,6.337829000000056,898,0
github.csv,1,718,1,718,0,0,2.5064780000000155,2291,0
github.csv,1,889,1,889,0,0,2.7928419999999505,2546,0
github.csv,1,712,1,712,0,0,9.888978000000066,575,0
github.csv,1,718,1,718,0,0,9.187144999999989,625,0
github.csv,1,712,1,712,0,0,14.708987999999977,387,0
github.csv,1,718,1,718,0,0,13.897301999999968,413,0
github.csv,1,712,1,712,0,0,31.82087200000001,179,0
github.csv,1,718,1,718,0,0,32.92789599999992,174,0
github.csv,1,712,1,712,0,0,30.160575999999992,188,0
github.csv,1,883,1,883,0,0,20.65765599999997,341,0
github.csv,1,889,1,889,0,0,20.02320099999997,355,0
github.csv,1,712,1,712,0,0,11.449813000000065,497,0
github.csv,1,718,1,718,0,0,10.65437499999996,539,0
github.csv,1,712,1,712,0,0,38.58935799999995,147,0
github.csv,1,718,1,718,0,0,56.49881700000015,101,0
github.csv,1,883,1,883,0,0,11.632295999999997,607,0
github.csv,1,712,1,712,0,0,37.92432800000006,150,0
github.csv,1,718,1,718,0,0,82.89578100000017,69,0
github.csv,1,883,1,883,0,0,21.667715000000044,326,0
github.csv,1,712,1,712,0,0,62.381754999999885,91,0
github.csv,1,718,1,718,0,0,61.49749400000019,93,0
github.csv,1,712,1,712,0,0,28.672665999999936,198,0
github.csv,1,718,1,718,0,0,27.99228599999992,205,0
github.csv,1,712,1,712,0,0,23.163493000000017,245,0
github.csv,1,718,1,718,0,0,21.89604600000007,262,0
github.csv,1,712,1,712,0,0,33.752873000000136,168,0
github.csv,1,718,1,718,0,0,32.93796199999997,174,0
github.csv,1,712,1,712,0,0,38.98510400000009,146,0
github.csv,1,718,1,718,0,0,38.18883400000004,150,0
github.csv,1,712,1,712,0,0,9.100729,625,0
github.csv,1,718,1,718,0,0,8.280846999999994,693,0
github.csv,1,712,1,712,0,0,19.62514699999997,290,0
github.csv,1,718,1,718,0,0,18.84944900000005,304,0
github.csv,1,712,1,712,0,0,37.35681199999999,152,0
github.csv,1,718,1,718,0,0,36.59382499999992,156,0
github.csv,1,712,1,712,0,0,24.405422999999928,233,0
github.csv,1,718,1,718,0,0,23.636031000000003,243,0
github.csv,1,712,1,712,0,0,14.110672000000022,403,0
github.csv,1,712,1,712,0,0,26.21955699999989,217,0
github.csv,1,718,1,718,0,0,24.08630099999982,238,0
github.csv,1,712,1,712,0,0,14.297786999999971,398,0
github.csv,1,712,1,712,0,0,16.11239599999999,353,0
github.csv,1,718,1,718,0,0,15.4162359999998,372,0
github.csv,1,712,1,712,0,0,50.56691000000001,112,0
github.csv,1,718,1,718,0,0,49.71048700000006,115,0
github.csv,1,728,1,728,0,0,27.89093600000001,208,0
github.csv,1,724,1,724,0,0,0.0644979999999577,89801,0
github.csv,1,712,1,712,0,0,13.75535100000002,414,0
github.csv,1,718,1,718,0,0,12.877662999999984,446,0
github.csv,1,712,1,712,0,0,10.796452000000045,527,0
github.csv,1,718,1,718,0,0,10.023300999999949,573,0
github.csv,1,712,1,712,0,0,7.855064999999968,725,0
github.csv,1,718,1,718,0,0,6.985919999999851,822,0
github.csv,1,712,1,712,0,0,36.20374600000014,157,0
github.csv,1,718,1,718,0,0,35.44599599999992,162,0
github.csv,1,712,1,712,0,0,2.0743949999996403,2745,0
github.csv,1,718,1,718,0,0,1.3471549999999295,4263,0
github.csv,1,712,1,712,0,0,14.531733999999688,391,0
github.csv,1,718,1,718,0,0,13.780013999999936,416,0
github.csv,1,712,1,712,0,0,18.742201000000023,303,0
github.csv,1,718,1,718,0,0,17.968519000000015,319,0
github.csv,1,712,1,712,0,0,15.60512800000015,365,0
github.csv,1,718,1,718,0,0,14.833937999999762,387,0
google.csv,1,716,1,716,0,0,312.214515,18,0
google.csv,1,728,1,728,0,0,311.389551,18,0
google.csv,1,1286,1,1286,0,0,0.0574560000000019,179058,0
google.csv,1,728,1,728,0,0,0.098436999999997,59164,0
google.csv,1,721,1,721,0,0,0.2847869999999943,20253,0
google.csv,1,716,1,716,0,0,307.252021,18,0
google.csv,1,716,1,716,0,0,170.91631600000002,33,0
google.csv,1,1291,1,1291,0,0,163.68088299999997,63,0
google.csv,1,720,1,720,0,0,21.967849,262,0
google.csv,1,737,1,737,0,0,0.2124440000000049,27753,0
google.csv,1,717,1,717,0,0,0.161433000000045,35531,0
google.csv,1,716,1,716,0,0,269.749515,21,0
google.csv,1,1286,1,1286,0,0,0.2881930000000352,35698,0
google.csv,1,728,1,728,0,0,268.68021400000003,21,0
google.csv,1,728,1,728,0,0,0.0634299999999825,91817,0
google.csv,1,721,1,721,0,0,0.2789859999999748,20674,0
google.csv,1,712,1,712,0,0,266.536926,21,0
google.csv,1,716,1,716,0,0,0.0896060000000034,63924,0
google.csv,2,1381,1,365,1,1016,63.044691,46,128
google.csv,4,4654,1,256,3,4398,0.0907799999999952,22560,387574
google.csv,1,717,1,717,0,0,0.0732439999999314,78313,0
google.csv,1,733,1,733,0,0,0.2583840000000919,22694,0
google.csv,1,716,1,716,0,0,161.99523799999997,35,0
google.csv,1,1286,1,1286,0,0,0.093605000000025,109908,0
google.csv,1,728,1,728,0,0,160.91783599999997,36,0
google.csv,1,728,1,728,0,0,0.0808540000000448,72031,0
google.csv,1,721,1,721,0,0,160.682451,35,0
google.csv,1,716,1,716,0,0,156.9447839999999,36,0
google.csv,1,718,1,718,0,0,0.0676260000000184,84937,0
google.csv,1,716,1,716,0,0,0.0355359999999791,161188,0
google.csv,1,716,1,716,0,0,0.1028129999999691,55712,0
google.csv,1,716,1,716,0,0,136.45644399999992,41,0
google.csv,1,717,1,717,0,0,106.20489499999996,54,0
google.csv,1,733,1,733,0,0,24.539445,238,0
google.csv,1,716,1,716,0,0,264.215163,21,0
google.csv,1,716,1,716,0,0,0.0366060000000061,156477,0
google.csv,1,716,1,716,0,0,0.067105999999967,85357,0
google.csv,1,1286,1,1286,0,0,0.0774270000000569,132873,0
google.csv,1,721,1,721,0,0,0.0654359999999769,88147,0
google.csv,1,721,1,721,0,0,0.22796900000003,25301,0
google.csv,1,718,1,718,0,0,249.86863099999997,22,0
google.csv,1,728,1,728,0,0,248.99155299999995,23,0
google.csv,1,728,1,728,0,0,248.8251939999999,23,0
google.csv,1,717,1,717,0,0,170.25129400000003,33,0
google.csv,1,721,1,721,0,0,170.151976,33,0
google.csv,1,716,1,716,0,0,245.02279900000008,23,0
google.csv,1,730,1,730,0,0,0.3450879999999188,16923,0
google.csv,1,721,1,721,0,0,209.538774,27,0
google.csv,1,716,1,716,0,0,201.45310399999997,28,0
google.csv,1,720,1,720,0,0,0.0633590000001049,90910,0
google.csv,1,737,1,737,0,0,169.535887,34,0
google.csv,1,1300,1,1300,0,0,13.419370000000072,774,0
google.csv,1,716,1,716,0,0,580.7277690000001,9,0
google.csv,1,1286,1,1286,0,0,0.0623410000000603,165027,0
google.csv,1,728,1,728,0,0,579.7976530000001,10,0
google.csv,1,721,1,721,0,0,579.5785930000002,9,0
google.csv,1,728,1,728,0,0,0.0874160000000756,66623,0
google.csv,1,716,1,716,0,0,575.6675220000002,9,0
google.csv,1,716,1,716,0,0,0.0586879999998473,97600,0
google.csv,1,716,1,716,0,0,0.0358639999999468,159714,0
google.csv,1,716,1,716,0,0,0.0420690000000831,136157,0
google.csv,1,716,1,716,0,0,0.037277000000131,153660,0
google.csv,1,716,1,716,0,0,185.19050500000003,30,0
google.csv,1,717,1,717,0,0,170.51230699999996,33,0
google.csv,2,1381,1,365,1,1016,151.86895900000013,19,53
google.csv,4,4654,1,256,3,4398,0.071911,28479,489271
google.csv,1,718,1,718,0,0,110.30805600000008,52,0
google.csv,1,1286,1,1286,0,0,2.1287579999998343,4832,0
google.csv,1,716,1,716,0,0,92.63353899999991,61,0
google.csv,1,716,1,716,0,0,621.3602769999998,9,0
google.csv,1,1286,1,1286,0,0,0.0663580000000365,155037,0
google.csv,1,728,1,728,0,0,620.5287090000002,9,0
google.csv,1,728,1,728,0,0,0.0723700000000917,80475,0
google.csv,1,721,1,721,0,0,0.2653000000000247,21741,0
google.csv,1,730,1,730,0,0,0.3741400000001249,15609,0
google.csv,1,716,1,716,0,0,595.5296129999999,9,0
google.csv,1,1298,1,1298,0,0,271.0054889999999,38,0
google.csv,1,716,1,716,0,0,269.8233889999999,21,0
google.csv,1,716,1,716,0,0,171.86934500000007,33,0
google.csv,1,1291,1,1291,0,0,226.1174109999997,45,0
google.csv,1,719,1,719,0,0,173.5947100000003,33,0
google.csv,1,720,1,720,0,0,170.83696400000008,33,0
google.csv,1,727,1,727,0,0,165.5371230000001,35,0
google.csv,2,1381,1,365,1,1016,130.64764399999967,22,62
google.csv,4,4654,1,256,3,4398,0.0911330000003545,22472,386073
google.csv,1,716,1,716,0,0,95.77121699999998,59,0
google.csv,1,1286,1,1286,0,0,0.0573810000000776,179292,0
google.csv,1,728,1,728,0,0,95.07409199999984,61,0
google.csv,1,728,1,728,0,0,0.0753550000003997,77287,0
google.csv,1,721,1,721,0,0,0.2398720000001049,24046,0
google.csv,1,716,1,716,0,0,90.95440499999997,62,0
google.csv,1,716,1,716,0,0,21.41510400000016,267,0
google.csv,1,716,1,716,0,0,103.04345400000012,55,0
google.csv,1,1286,1,1286,0,0,0.050705999999991,202895,0
google.csv,1,728,1,728,0,0,102.23596300000008,56,0
google.csv,1,721,1,721,0,0,102.38571200000024,56,0
google.csv,1,728,1,728,0,0,101.69851000000016,57,0
google.csv,1,716,1,716,0,0,98.11242500000026,58,0
google.csv,1,717,1,717,0,0,52.88431700000001,108,0
google.csv,1,730,1,730,0,0,0.1678719999999884,34788,0
google.csv,1,717,1,717,0,0,0.1086479999999028,52794,0
google.csv,1,712,1,712,0,0,11.093274000000292,513,0
reuters.csv,2,953,1,772,1,181,38.047979,162,38
reuters.csv,1,717,1,717,0,0,37.842574,151,0
reuters.csv,1,717,1,717,0,0,20.787983999999994,275,0
reuters.csv,1,717,1,717,0,0,0.0897620000000074,63902,0
reuters.csv,1,717,1,717,0,0,34.71785,165,0
reuters.csv,1,717,1,717,0,0,0.0874670000000037,65579,0
reuters.csv,1,717,1,717,0,0,0.0983519999999771,58321,0
reuters.csv,1,717,1,717,0,0,12.477434999999986,459,0
reuters.csv,1,717,1,717,0,0,18.908601000000036,303,0
reuters.csv,1,717,1,717,0,0,88.95119899999997,64,0
reuters.csv,1,717,1,717,0,0,26.852723999999967,213,0
reuters.csv,1,717,1,717,0,0,59.66648199999997,96,0
reuters.csv,1,717,1,717,0,0,24.007783000000018,238,0
reuters.csv,1,717,1,717,0,0,31.46025099999997,182,0
reuters.csv,1,717,1,717,0,0,7.280375999999933,787,0
reuters.csv,1,717,1,717,0,0,0.110548000000108,51886,0
reuters.csv,1,717,1,717,0,0,16.682904000000008,343,0
reuters.csv,1,717,1,717,0,0,0.1038149999999404,55252,0
reuters.csv,1,717,1,717,0,0,0.1103570000000218,51976,0
reuters.csv,1,717,1,717,0,0,0.0996199999999589,57578,0
reuters.csv,1,717,1,717,0,0,16.003048000000035,358,0
reuters.csv,1,717,1,717,0,0,13.23961300000019,433,0
reuters.csv,1,717,1,717,0,0,41.77301700000021,137,0
reuters.csv,1,717,1,717,0,0,11.169349999999897,513,0
reuters.csv,1,717,1,717,0,0,0.0973920000001271,58896,0
reuters.csv,1,717,1,717,0,0,0.0972830000000612,58961,0
reuters.csv,1,717,1,717,0,0,38.85375399999998,147,0
reuters.csv,1,717,1,717,0,0,36.57251500000007,156,0
reuters.csv,1,717,1,717,0,0,41.413276,138,0
reuters.csv,1,729,1,729,0,0,6.127314000000069,951,0
reuters.csv,1,729,1,729,0,0,0.0911670000000413,63970,0
reuters.csv,1,729,1,729,0,0,5.866569999999911,994,0
reuters.csv,1,729,1,729,0,0,0.089949999999817,64836,0
reuters.csv,1,729,1,729,0,0,0.0852939999999762,68375,0
reuters.csv,1,717,1,717,0,0,22.23497599999996,257,0
reuters.csv,1,717,1,717,0,0,12.272290999999996,467,0
reuters.csv,1,717,1,717,0,0,0.0912900000000718,62832,0
reuters.csv,1,717,1,717,0,0,53.50402699999995,107,0
reuters.csv,1,717,1,717,0,0,0.0981500000000323,58441,0
reuters.csv,1,717,1,717,0,0,24.057267000000135,238,0
reuters.csv,1,717,1,717,0,0,25.382882999999996,225,0
reuters.csv,4,5264,1,722,3,4542,2.2006760000001577,2624,16511
reuters.csv,4,5264,1,722,3,4542,2.200665000000072,2624,16511
reuters.csv,4,5264,1,722,3,4542,2.132309000000077,2708,17040
reuters.csv,1,717,1,717,0,0,0.0884530000000722,64847,0
reuters.csv,1,717,1,717,0,0,49.645544999999856,115,0
reuters.csv,1,717,1,717,0,0,0.0988239999999223,58042,0
reuters.csv,1,717,1,717,0,0,0.0922809999999572,62157,0
reuters.csv,1,717,1,717,0,0,88.18198000000007,65,0
reuters.csv,1,717,1,717,0,0,70.83811600000013,80,0
reuters.csv,1,717,1,717,0,0,11.04211099999975,519,0
reuters.csv,1,717,1,717,0,0,0.1422929999998814,40311,0
reuters.csv,1,717,1,717,0,0,14.042693999999756,408,0
reuters.csv,1,717,1,717,0,0,0.13364300000012,42920,0
reuters.csv,1,717,1,717,0,0,0.1362619999999879,42095,0
reuters.csv,4,5264,1,722,3,4542,7.285286000000269,792,4987
reuters.csv,4,5264,1,722,3,4542,7.281244000000242,793,4990
reuters.csv,1,717,1,717,0,0,176.1947340000006,32,0
reuters.csv,1,717,1,717,0,0,7.683029000000715,746,0
reuters.csv,1,717,1,717,0,0,0.0903790000002118,63466,0
reuters.csv,1,717,1,717,0,0,0.0814199999995253,70449,0
reuters.csv,1,717,1,717,0,0,0.0970550000001821,59100,0
reuters.csv,1,717,1,717,0,0,0.1015239999996993,56498,0
reuters.csv,1,717,1,717,0,0,0.096918999999616,59183,0
reuters.csv,1,717,1,717,0,0,15.430160000000797,371,0
reuters.csv,1,717,1,717,0,0,17.563436999999794,326,0
reuters.csv,1,717,1,717,0,0,9.000230999999985,637,0
reuters.csv,1,717,1,717,0,0,72.38185500000054,79,0
reuters.csv,1,717,1,717,0,0,53.584187000000384,107,0
reuters.csv,1,717,1,717,0,0,0.8146690000003218,7040,0
reuters.csv,1,717,1,717,0,0,0.7977700000001278,7190,0
reuters.csv,1,717,1,717,0,0,0.7312050000000454,7844,0
reuters.csv,1,717,1,717,0,0,0.5419379999993907,10584,0
reuters.csv,1,717,1,717,0,0,0.5418610000006083,10585,0
reuters.csv,1,717,1,717,0,0,0.5457989999995334,10509,0
reuters.csv,1,717,1,717,0,0,0.4841160000005402,11848,0
reuters.csv,1,717,1,717,0,0,52.46403399999963,109,0
reuters.csv,1,717,1,717,0,0,46.13567899999998,124,0
reuters.csv,1,717,1,717,0,0,38.26890900000035,149,0
reuters.csv,1,707,1,707,0,0,64.80303499999991,87,0
reuters.csv,1,707,1,707,0,0,24.022703999999976,235,0
reuters.csv,1,707,1,707,0,0,28.084326999999572,201,0
reuters.csv,1,717,1,717,0,0,1.96042000000034,2925,0
reuters.csv,1,707,1,707,0,0,36.51511599999958,154,0
reuters.csv,1,707,1,707,0,0,67.39848400000028,83,0
reuters.csv,1,717,1,717,0,0,3.0036669999999503,1909,0
reuters.csv,1,707,1,707,0,0,43.11698200000046,131,0
reuters.csv,1,707,1,707,0,0,39.52539400000023,143,0
reuters.csv,1,707,1,707,0,0,22.465354999999363,251,0
reuters.csv,1,707,1,707,0,0,19.511900999999853,289,0
reuters.csv,1,707,1,707,0,0,30.939194999999927,182,0
reuters.csv,1,707,1,707,0,0,4.832531000000017,1170,0
reuters.csv,1,707,1,707,0,0,2.4742050000004383,2285,0
reuters.csv,1,707,1,707,0,0,8.368249000000105,675,0
reuters.csv,1,707,1,707,0,0,11.959552999999689,472,0
reuters.csv,1,719,1,719,0,0,0.1082989999995334,53112,0
reuters.csv,1,719,1,719,0,0,0.1323769999999058,43451,0
reuters.csv,1,719,1,719,0,0,0.334646000000248,17188,0
reuters.csv,1,719,1,719,0,0,0.1010559999995166,56918,0
reuters.csv,1,719,1,719,0,0,0.1320580000001427,43556,0
reuters.csv,1,719,1,719,0,0,7.475765000000138,769,0
reuters.csv,1,719,1,719,0,0,7.475721000000703,769,0
wikipedia.csv,1,718,1,718,0,0,120.66624199999995,47,0
wikipedia.csv,1,718,1,718,0,0,120.20614099999987,47,0
wikipedia.csv,1,719,1,719,0,0,117.26773300000012,49,0
wikipedia.csv,1,718,1,718,0,0,0.0705390000002808,81430,0
wikipedia.csv,1,718,1,718,0,0,0.0716089999996256,80213,0
wikipedia.csv,1,718,1,718,0,0,0.0730390000003353,78642,0
wikipedia.csv,1,718,1,718,0,0,0.0833940000002257,68877,0
wikipedia.csv,1,720,1,720,0,0,0.0691759999999703,83265,0
wikipedia.csv,1,719,1,719,0,0,50.92191200000025,112,0
wikipedia.csv,1,718,1,718,0,0,0.0620009999997819,92643,0
wikipedia.csv,1,718,1,718,0,0,0.056047000000035,102485,0
wikipedia.csv,1,718,1,718,0,0,50.367407000000185,114,0
wikipedia.csv,1,719,1,719,0,0,79.35351200000014,72,0
wikipedia.csv,1,718,1,718,0,0,0.0665919999996731,86256,0
wikipedia.csv,1,718,1,718,0,0,85.4330689999997,67,0
wikipedia.csv,1,718,1,718,0,0,34.89159099999961,164,0
wikipedia.csv,1,718,1,718,0,0,17.505765000000338,328,0
wikipedia.csv,1,718,1,718,0,0,22.11592900000005,259,0
wikipedia.csv,1,718,1,718,0,0,26.84277799999973,213,0
wikipedia.csv,1,719,1,719,0,0,29.669310000000223,193,0
wikipedia.csv,1,718,1,718,0,0,0.0298309999998309,192551,0
wikipedia.csv,1,718,1,718,0,0,29.476873999999956,194,0
wikipedia.csv,1,718,1,718,0,0,43.18776600000001,133,0
wikipedia.csv,1,718,1,718,0,0,25.92579999999998,221,0
wikipedia.csv,1,718,1,718,0,0,23.370004999999765,245,0
wikipedia.csv,1,718,1,718,0,0,91.11751200000026,63,0
wikipedia.csv,1,718,1,718,0,0,61.98735600000009,92,0
wikipedia.csv,1,718,1,718,0,0,41.92204899999979,137,0
wikipedia.csv,1,718,1,718,0,0,24.15099899999996,237,0
wikipedia.csv,1,719,1,719,0,0,24.43098900000041,235,0
wikipedia.csv,1,718,1,718,0,0,0.0584090000002106,98341,0
wikipedia.csv,1,718,1,718,0,0,66.03702000000021,86,0
wikipedia.csv,1,719,1,719,0,0,26.902393000000306,213,0
wikipedia.csv,1,718,1,718,0,0,0.0310180000001309,185182,0
wikipedia.csv,1,718,1,718,0,0,37.44693099999995,153,0
wikipedia.csv,1,718,1,718,0,0,10.755689000000077,534,0
wikipedia.csv,1,718,1,718,0,0,36.70402400000012,156,0
wikipedia.csv,1,718,1,718,0,0,57.82324300000028,99,0
wikipedia.csv,1,718,1,718,0,0,37.69065799999999,152,0
wikipedia.csv,1,718,1,718,0,0,44.00151899999992,130,0
wikipedia.csv,1,718,1,718,0,0,63.333916000000045,90,0
wikipedia.csv,1,718,1,718,0,0,52.63008199999968,109,0
wikipedia.csv,1,718,1,718,0,0,28.689323999999942,200,0
wikipedia.csv,1,718,1,718,0,0,197.64475100000163,29,0
wikipedia.csv,1,718,1,718,0,0,25.06310499999927,229,0
wikipedia.csv,1,718,1,718,0,0,32.502158999999665,176,0
wikipedia.csv,1,718,1,718,0,0,50.13154799999938,114,0
wikipedia.csv,1,718,1,718,0,0,30.56341700000121,187,0
wikipedia.csv,1,722,1,722,0,0,37.3813769999997,154,0
wikipedia.csv,1,718,1,718,0,0,0.0880350000006728,65246,0
wikipedia.csv,1,718,1,718,0,0,0.0784110000004147,73255,0
wikipedia.csv,1,718,1,718,0,0,27.55485200000112,208,0
wikipedia.csv,1,718,1,718,0,0,39.72407000000021,144,0
wikipedia.csv,1,718,1,718,0,0,30.37538300000051,189,0
wikipedia.csv,1,718,1,718,0,0,29.832399999999325,192,0
wikipedia.csv,1,718,1,718,0,0,30.51133200000004,188,0
wikipedia.csv,1,722,1,722,0,0,38.97799699999996,148,0
wikipedia.csv,1,718,1,718,0,0,0.0773890000000392,74222,0
wikipedia.csv,1,718,1,718,0,0,0.0762389999999868,75342,0
wikipedia.csv,1,722,1,722,0,0,21.74469400000089,265,0
wikipedia.csv,1,718,1,718,0,0,0.0721059999996214,79660,0
wikipedia.csv,1,718,1,718,0,0,0.0727429999988089,78962,0
wikipedia.csv,1,722,1,722,0,0,42.12332799999968,137,0
wikipedia.csv,1,718,1,718,0,0,0.0780660000000352,73578,0
wikipedia.csv,1,718,1,718,0,0,0.0635990000009769,90315,0
wikipedia.csv,1,719,1,719,0,0,0.0657159999991563,87528,0
wikipedia.csv,1,718,1,718,0,0,13.432066999999734,427,0
wikipedia.csv,1,718,1,718,0,0,55.62904999999955,103,0
wikipedia.csv,1,722,1,722,0,0,18.30077800000072,315,0
wikipedia.csv,1,718,1,718,0,0,0.0814270000009855,70541,0
wikipedia.csv,1,718,1,718,0,0,0.0755489999992278,76030,0
wikipedia.csv,1,722,1,722,0,0,23.370985999999903,247,0
wikipedia.csv,1,718,1,718,0,0,0.076350999999704,75231,0
wikipedia.csv,1,718,1,718,0,0,0.0762490000015532,75332,0
wikipedia.csv,1,722,1,722,0,0,39.55637500000012,146,0
wikipedia.csv,1,718,1,718,0,0,0.0781169999991107,73530,0
wikipedia.csv,1,718,1,718,0,0,0.076866000001246,74727,0
wikipedia.csv,1,718,1,718,0,0,1.7024810000002617,3373,0
wikipedia.csv,1,722,1,722,0,0,34.85338600000068,165,0
wikipedia.csv,1,718,1,718,0,0,0.0925640000004932,62054,0
wikipedia.csv,1,718,1,718,0,0,0.0820240000011836,70028,0
wikipedia.csv,1,722,1,722,0,0,23.475006000000576,246,0
wikipedia.csv,1,718,1,718,0,0,0.074466999998549,77134,0
wikipedia.csv,1,718,1,718,0,0,0.0741269999998621,77488,0
wikipedia.csv,1,722,1,722,0,0,50.85628600000018,113,0
wikipedia.csv,1,718,1,718,0,0,0.0701669999998557,81861,0
wikipedia.csv,1,718,1,718,0,0,0.0779579999998532,73680,0
wikipedia.csv,1,722,1,722,0,0,15.439746000000014,374,0
wikipedia.csv,1,718,1,718,0,0,0.0773079999999026,74300,0
wikipedia.csv,1,718,1,718,0,0,0.0748419999999896,76748,0
wikipedia.csv,1,722,1,722,0,0,18.368852999999945,314,0
wikipedia.csv,1,718,1,718,0,0,0.081399999999121,70565,0
wikipedia.csv,1,718,1,718,0,0,0.0855830000000423,67116,0
wikipedia.csv,1,722,1,722,0,0,34.77887499999997,166,0
wikipedia.csv,1,718,1,718,0,0,0.0905320000001665,63447,0
wikipedia.csv,1,718,1,718,0,0,0.0904659999996511,63493,0
wikipedia.csv,1,722,1,722,0,0,34.95551699999851,165,0
wikipedia.csv,1,718,1,718,0,0,0.0732049999987793,78464,0
wikipedia.csv,1,718,1,718,0,0,0.0773399999998218,74269,0
wikipedia.csv,1,718,1,718,0,0,13.7554540000001,417,0
youtube.csv,1,717,1,717,0,0,247.348418,23,0
youtube.csv,1,722,1,722,0,0,243.547009,23,0
youtube.csv,1,1466,0,0,1,1466,0.1177980000000005,0,99560
youtube.csv,1,737,1,737,0,0,177.387593,33,0
youtube.csv,1,707,1,707,0,0,156.273824,36,0
youtube.csv,1,703,1,703,0,0,149.351048,37,0
youtube.csv,1,727,1,727,0,0,139.385764,41,0
youtube.csv,1,727,1,727,0,0,139.29181899999998,41,0
youtube.csv,1,717,1,717,0,0,113.802616,50,0
youtube.csv,1,722,1,722,0,0,110.210171,52,0
youtube.csv,1,737,1,737,0,0,28.52019300000001,206,0
youtube.csv,1,717,1,717,0,0,128.417935,44,0
youtube.csv,1,737,1,737,0,0,124.47966499999995,47,0
youtube.csv,1,722,1,722,0,0,123.802906,46,0
youtube.csv,1,717,1,717,0,0,109.17224799999995,52,0
youtube.csv,1,722,1,722,0,0,105.66533100000004,54,0
youtube.csv,1,717,1,717,0,0,34.01705700000002,168,0
youtube.csv,1,722,1,722,0,0,29.99339199999997,192,0
youtube.csv,1,717,1,717,0,0,419.0443900000001,13,0
youtube.csv,1,722,1,722,0,0,213.58237600000007,27,0
youtube.csv,1,737,1,737,0,0,0.0849259999999958,69425,0
youtube.csv,1,1466,0,0,1,1466,0.1161529999999402,0,100970
youtube.csv,1,717,1,717,0,0,494.401562,11,0
youtube.csv,1,722,1,722,0,0,170.29148499999997,33,0
youtube.csv,1,737,1,737,0,0,269.6256920000001,21,0
youtube.csv,1,1292,1,1292,0,0,183.732399,56,0
youtube.csv,1,717,1,717,0,0,136.9951450000001,41,0
youtube.csv,1,722,1,722,0,0,132.9953300000002,43,0
youtube.csv,1,717,1,717,0,0,80.506212,71,0
youtube.csv,1,722,1,722,0,0,76.51662099999999,75,0
youtube.csv,2,2932,0,0,2,2932,0.1279750000001058,0,183285
youtube.csv,1,717,1,717,0,0,725.5867560000002,7,0
youtube.csv,1,722,1,722,0,0,247.46225100000012,23,0
youtube.csv,1,737,1,737,0,0,170.85000600000012,34,0
youtube.csv,1,1292,1,1292,0,0,43.58174299999973,237,0
youtube.csv,1,717,1,717,0,0,169.34419700000035,33,0
youtube.csv,1,722,1,722,0,0,163.17877700000008,35,0
youtube.csv,1,1466,0,0,1,1466,0.1140259999997397,0,102853
youtube.csv,1,717,1,717,0,0,2527.741813,2,0
youtube.csv,1,722,1,722,0,0,170.3354529999997,33,0
youtube.csv,1,1292,1,1292,0,0,252.8317219999999,40,0
youtube.csv,1,737,1,737,0,0,170.28933800000004,34,0
youtube.csv,1,717,1,717,0,0,171.4980019999998,33,0
youtube.csv,1,1466,0,0,1,1466,0.1137780000003658,0,103077
youtube.csv,1,1292,1,1292,0,0,170.27694699999984,60,0
youtube.csv,1,1307,1,1307,0,0,174.9223179999999,59,0
youtube.csv,1,1287,1,1287,0,0,171.00688999999966,60,0
youtube.csv,1,1292,1,1292,0,0,170.55074700000023,60,0
youtube.csv,1,1466,0,0,1,1466,0.1102449999998498,0,106381
youtube.csv,1,1292,1,1292,0,0,170.7559940000001,60,0
youtube.csv,1,1292,1,1292,0,0,7.298659000000043,1416,0
youtube.csv,1,717,1,717,0,0,190.0365109999993,30,0
youtube.csv,1,722,1,722,0,0,170.6446560000004,33,0
youtube.csv,1,1466,0,0,1,1466,0.1197820000006686,0,97911
youtube.csv,1,717,1,717,0,0,145.2178560000002,39,0
youtube.csv,1,722,1,722,0,0,141.9769299999998,40,0
youtube.csv,2,1434,2,1434,0,0,477.50612400000045,24,0
youtube.csv,1,722,1,722,0,0,170.44995199999994,33,0
youtube.csv,1,737,1,737,0,0,78.6641410000002,74,0
youtube.csv,1,717,1,717,0,0,572.8663820000002,10,0
youtube.csv,1,722,1,722,0,0,170.76461699999982,33,0
youtube.csv,1,737,1,737,0,0,171.0519059999997,34,0
youtube.csv,1,1466,0,0,1,1466,0.0925470000001951,0,126724
youtube.csv,1,717,1,717,0,0,249.40931099999943,22,0
youtube.csv,1,722,1,722,0,0,191.35376600000015,30,0
youtube.csv,1,717,1,717,0,0,75.96076300000004,75,0
youtube.csv,1,717,1,717,0,0,338.0773509999999,16,0
youtube.csv,1,722,1,722,0,0,170.53211400000055,33,0
youtube.csv,1,1466,0,0,1,1466,0.1152289999999993,0,101779
youtube.csv,1,717,1,717,0,0,597.6966360000006,9,0
youtube.csv,1,722,1,722,0,0,171.87716,33,0
youtube.csv,1,737,1,737,0,0,170.0934070000003,34,0
youtube.csv,1,717,1,717,0,0,181.1501170000001,31,0
youtube.csv,1,1292,1,1292,0,0,171.11070800000016,60,0
youtube.csv,1,1466,0,0,1,1466,0.1043280000003505,0,112414
youtube.csv,1,1287,1,1287,0,0,214.28974599999856,48,0
youtube.csv,1,1292,1,1292,0,0,170.21890799999892,60,0
youtube.csv,1,1466,0,0,1,1466,0.1302770000002056,0,90023
youtube.csv,1,1287,1,1287,0,0,290.22457100000065,35,0
youtube.csv,1,1292,1,1292,0,0,170.272465,60,0
youtube.csv,1,1287,1,1287,0,0,150.61673800000062,68,0
youtube.csv,1,717,1,717,0,0,33.31985199999872,172,0
youtube.csv,1,722,1,722,0,0,29.79029100000116,193,0
youtube.csv,1,717,1,717,0,0,188.30014200000005,30,0
youtube.csv,1,737,1,737,0,0,173.85894499999995,33,0
youtube.csv,1,737,1,737,0,0,0.0846870000004855,69621,0
youtube.csv,1,722,1,722,0,0,171.0218359999999,33,0
youtube.csv,1,1466,0,0,1,1466,0.1383690000002388,0,84758
youtube.csv,1,717,1,717,0,0,575.4281780000001,9,0
youtube.csv,1,722,1,722,0,0,170.82893999999942,33,0
youtube.csv,1,1292,1,1292,0,0,244.42046699999992,42,0
youtube.csv,1,737,1,737,0,0,152.97982500000035,38,0
youtube.csv,1,737,1,737,0,0,0.0891380000011849,66144,0
youtube.csv,1,717,1,717,0,0,148.2963980000004,38,0
youtube.csv,1,722,1,722,0,0,144.47298299999966,39,0
youtube.csv,1,1466,0,0,1,1466,0.1137720000006083,0,103083
youtube.csv,1,717,1,717,0,0,132.47021900000072,43,0
youtube.csv,1,737,1,737,0,0,129.23743399999876,45,0
youtube.csv,1,722,1,722,0,0,0.08113400000002,71190,0
youtube.csv,1,717,1,717,0,0,91.96374800000012,62,0
youtube.csv,1,722,1,722,0,0,87.7490310000012,65,0
youtube.csv,1,717,1,717,0,0,50.74620099999993,113,0
